Workbook

Sheet Farazlar
A1: StomaHub moliyaviy modeli — FARAZLAR. DIQQAT: barcha qiymatlar TAXMINIY (namuna) ma'lumot, haqiqiy emas! Sariq kataklarni haqiqiy ma'lumot bilan to'ldiring.
A2: Ko'rsatkich | B2: Qiymat | C2: Birlik | D2: Belgi
A3: Marketplace: 1-oy savdo hajmi (GMV) | B3: 50000000 | C3: UZS/oy | D3: TAXMINIY
A4: Marketplace: GMV oylik o'sishi | B4: 0.15 | C4: % | D4: TAXMINIY
A5: Marketplace komissiyasi | B5: 0.1 | C5: % | D5: TAXMINIY
A6: Seminarlar soni oyiga | B6: 2 | C6: dona | D6: TAXMINIY
A7: Bir seminarga chiptalar | B7: 30 | C7: dona | D7: TAXMINIY
A8: Chipta narxi | B8: 500000 | C8: UZS | D8: TAXMINIY
A9: Platforma ulushi chiptadan | B9: 0.3 | C9: % | D9: TAXMINIY
A10: CRM: boshlang'ich klinikalar | B10: 10 | C10: dona | D10: TAXMINIY
A11: CRM: oyiga yangi klinikalar | B11: 8 | C11: dona | D11: TAXMINIY
A12: CRM: oylik churn | B12: 0.03 | C12: % | D12: TAXMINIY
A13: CRM obuna narxi | B13: 300000 | C13: UZS/oy | D13: TAXMINIY
A14: Ilova: 1-oy premium foydalanuvchilar | B14: 100 | C14: dona | D14: TAXMINIY
... A23: Boshlang'ich kapital (investitsiya) | B23: 200000000 | C23: UZS | D23: TAXMINIY

Sheet Daromad
A1: Daromad (TAXMINIY namuna ma'lumotlar asosida)
A2: Ko'rsatkich | B2: 1-oy | C2: 2-oy | D2: 3-oy | E2: 4-oy | F2: 5-oy | G2: 6-oy | H2: 7-oy | I2: 8-oy | J2: 9-oy | K2: 10-oy | L2: 11-oy | M2: 12-oy | N2: Jami
A3: Marketplace GMV | B3: =Farazlar!$B$3 | C3: =B3*(1+Farazlar!$B$4) | D3: =C3*(1+Farazlar!$B$4) | E3: =D3*(1+Farazlar!$B$4) | F3: =E3*(1+Farazlar!$B$4) | G3: =F3*(1+Farazlar!$B$4) | H3: =G3*(1+Farazlar!$B$4) | I3: =H3*(1+Farazlar!$B$4) | J3: =I3*(1+Farazlar!$B$4) | ... M3: =L3*(1+Farazlar!$B$4)
A4: Marketplace komissiya daromadi | B4: =B3*Farazlar!$B$5 | C4: =C3*Farazlar!$B$5 | D4: =D3*Farazlar!$B$5 | E4: =E3*Farazlar!$B$5 | F4: =F3*Farazlar!$B$5 | G4: =G3*Farazlar!$B$5 | H4: =H3*Farazlar!$B$5 | I4: =I3*Farazlar!$B$5 | ... M4: =M3*Farazlar!$B$5 | N4: =SUM(B4:M4)
A5: Ta'lim/seminar daromadi | B5: =Farazlar!$B$6*Farazlar!$B$7*Farazlar!$B$8*Farazlar!$B$9 | C5: =Farazlar!$B$6*Farazlar!$B$7*Farazlar!$B$8*Farazlar!$B$9 | D5: =Farazlar!$B$6*Farazlar!$B$7*Farazlar!$B$8*Farazlar!$B$9 | E5: =Farazlar!$B$6*Farazlar!$B$7*Farazlar!$B$8*Farazlar!$B$9 | F5: =Farazlar!$B$6*Farazlar!$B$7*Farazlar!$B$8*Farazlar!$B$9 | G5: =Farazlar!$B$6*Farazlar!$B$7*Farazlar!$B$8*Farazlar!$B$9 | H5: =Farazlar!$B$6*Farazlar!$B$7*Farazlar!$B$8*Farazlar!$B$9 | I5: =Farazlar!$B$6*Farazlar!$B$7*Farazlar!$B$8*Farazlar!$B$9 | ... M5: =Farazlar!$B$6*Farazlar!$B$7*Farazlar!$B$8*Farazlar!$B$9 | N5: =SUM(B5:M5)
A6: CRM faol klinikalar | B6: =Farazlar!$B$10+Farazlar!$B$11 | C6: =B6*(1-Farazlar!$B$12)+Farazlar!$B$11 | D6: =C6*(1-Farazlar!$B$12)+Farazlar!$B$11 | E6: =D6*(1-Farazlar!$B$12)+Farazlar!$B$11 | F6: =E6*(1-Farazlar!$B$12)+Farazlar!$B$11 | G6: =F6*(1-Farazlar!$B$12)+Farazlar!$B$11 | H6: =G6*(1-Farazlar!$B$12)+Farazlar!$B$11 | I6: =H6*(1-Farazlar!$B$12)+Farazlar!$B$11 | J6: =I6*(1-Farazlar!$B$12)+Farazlar!$B$11 | ... M6: =L6*(1-Farazlar!$B$12)+Farazlar!$B$11
A7: CRM obuna daromadi | B7: =B6*Farazlar!$B$13 | C7: =C6*Farazlar!$B$13 | D7: =D6*Farazlar!$B$13 | E7: =E6*Farazlar!$B$13 | F7: =F6*Farazlar!$B$13 | G7: =G6*Farazlar!$B$13 | H7: =H6*Farazlar!$B$13 | I7: =I6*Farazlar!$B$13 | ... M7: =M6*Farazlar!$B$13 | N7: =SUM(B7:M7)
A8: Ilova premium foydalanuvchilar | B8: =Farazlar!$B$14 | C8: =B8*(1+Farazlar!$B$15) | D8: =C8*(1+Farazlar!$B$15) | E8: =D8*(1+Farazlar!$B$15) | F8: =E8*(1+Farazlar!$B$15) | G8: =F8*(1+Farazlar!$B$15) | H8: =G8*(1+Farazlar!$B$15) | I8: =H8*(1+Farazlar!$B$15) | J8: =I8*(1+Farazlar!$B$15) | ... M8: =L8*(1+Farazlar!$B$15)
A9: Mobil ilova daromadi | B9: =B8*Farazlar!$B$16 | C9: =C8*Farazlar!$B$16 | D9: =D8*Farazlar!$B$16 | E9: =E8*Farazlar!$B$16 | F9: =F8*Farazlar!$B$16 | G9: =G8*Farazlar!$B$16 | H9: =H8*Farazlar!$B$16 | I9: =I8*Farazlar!$B$16 | ... M9: =M8*Farazlar!$B$16 | N9: =SUM(B9:M9)
A10: JAMI DAROMAD | B10: =B4+B5+B7+B9 | C10: =C4+C5+C7+C9 | D10: =D4+D5+D7+D9 | E10: =E4+E5+E7+E9 | F10: =F4+F5+F7+F9 | G10: =G4+G5+G7+G9 | H10: =H4+H5+H7+H9 | I10: =I4+I5+I7+I9 | ... M10: =M4+M5+M7+M9 | N10: =SUM(B10:M10)

Sheet Xarajatlar
A1: Xarajatlar (TAXMINIY namuna ma'lumotlar asosida)
A2: Ko'rsatkich | B2: 1-oy | C2: 2-oy | D2: 3-oy | E2: 4-oy | F2: 5-oy | G2: 6-oy | H2: 7-oy | I2: 8-oy | J2: 9-oy | K2: 10-oy | L2: 11-oy | M2: 12-oy | N2: Jami
A3: Jamoa | B3: =Farazlar!$B$17 | C3: =Farazlar!$B$17 | D3: =Farazlar!$B$17 | E3: =Farazlar!$B$17 | F3: =Farazlar!$B$17 | G3: =Farazlar!$B$17 | H3: =Farazlar!$B$17 | I3: =Farazlar!$B$17 | ... M3: =Farazlar!$B$17 | N3: =SUM(B3:M3)
A4: Reklama | B4: =Farazlar!$B$18 | C4: =Farazlar!$B$18 | D4: =Farazlar!$B$18 | E4: =Farazlar!$B$18 | F4: =Farazlar!$B$18 | G4: =Farazlar!$B$18 | H4: =Farazlar!$B$18 | I4: =Farazlar!$B$18 | ... M4: =Farazlar!$B$18 | N4: =SUM(B4:M4)
A5: Hosting/serverlar | B5: =Farazlar!$B$19 | C5: =Farazlar!$B$19 | D5: =Farazlar!$B$19 | E5: =Farazlar!$B$19 | F5: =Farazlar!$B$19 | G5: =Farazlar!$B$19 | H5: =Farazlar!$B$19 | I5: =Farazlar!$B$19 | ... M5: =Farazlar!$B$19 | N5: =SUM(B5:M5)
A6: Boshqa doimiy | B6: =Farazlar!$B$20 | C6: =Farazlar!$B$20 | D6: =Farazlar!$B$20 | E6: =Farazlar!$B$20 | F6: =Farazlar!$B$20 | G6: =Farazlar!$B$20 | H6: =Farazlar!$B$20 | I6: =Farazlar!$B$20 | ... M6: =Farazlar!$B$20 | N6: =SUM(B6:M6)
A7: To'lov komissiyalari (Payme/Click/Uzum) | B7: =Daromad!B10*Farazlar!$B$21 | C7: =Daromad!C10*Farazlar!$B$21 | D7: =Daromad!D10*Farazlar!$B$21 | E7: =Daromad!E10*Farazlar!$B$21 | F7: =Daromad!F10*Farazlar!$B$21 | G7: =Daromad!G10*Farazlar!$B$21 | H7: =Daromad!H10*Farazlar!$B$21 | I7: =Daromad!I10*Farazlar!$B$21 | ... M7: =Daromad!M10*Farazlar!$B$21 | N7: =SUM(B7:M7)
A8: Aylanma soliq (stavkani tekshiring; IT-Park varianti) | B8: =Daromad!B10*Farazlar!$B$22 | C8: =Daromad!C10*Farazlar!$B$22 | D8: =Daromad!D10*Farazlar!$B$22 | E8: =Daromad!E10*Farazlar!$B$22 | F8: =Daromad!F10*Farazlar!$B$22 | G8: =Daromad!G10*Farazlar!$B$22 | H8: =Daromad!H10*Farazlar!$B$22 | I8: =Daromad!I10*Farazlar!$B$22 | ... M8: =Daromad!M10*Farazlar!$B$22 | N8: =SUM(B8:M8)
A9: JAMI XARAJAT | B9: =SUM(B3:B8) | C9: =SUM(C3:C8) | D9: =SUM(D3:D8) | E9: =SUM(E3:E8) | F9: =SUM(F3:F8) | G9: =SUM(G3:G8) | H9: =SUM(H3:H8) | I9: =SUM(I3:I8) | ... M9: =SUM(M3:M8) | N9: =SUM(B9:M9)

Sheet P&L oylik
A1: P&L oylik (TAXMINIY namuna ma'lumotlar asosida)
A2: Ko'rsatkich | B2: 1-oy | C2: 2-oy | D2: 3-oy | E2: 4-oy | F2: 5-oy | G2: 6-oy | H2: 7-oy | I2: 8-oy | J2: 9-oy | K2: 10-oy | L2: 11-oy | M2: 12-oy | N2: Jami
A3: Daromad | B3: =Daromad!B10 | C3: =Daromad!C10 | D3: =Daromad!D10 | E3: =Daromad!E10 | F3: =Daromad!F10 | G3: =Daromad!G10 | H3: =Daromad!H10 | I3: =Daromad!I10 | ... M3: =Daromad!M10 | N3: =SUM(B3:M3)
A4: O'zgaruvchan xarajatlar (komissiya+soliq) | B4: =Xarajatlar!B7+Xarajatlar!B8 | C4: =Xarajatlar!C7+Xarajatlar!C8 | D4: =Xarajatlar!D7+Xarajatlar!D8 | E4: =Xarajatlar!E7+Xarajatlar!E8 | F4: =Xarajatlar!F7+Xarajatlar!F8 | G4: =Xarajatlar!G7+Xarajatlar!G8 | H4: =Xarajatlar!H7+Xarajatlar!H8 | I4: =Xarajatlar!I7+Xarajatlar!I8 | ... M4: =Xarajatlar!M7+Xarajatlar!M8 | N4: =SUM(B4:M4)
A5: Yalpi foyda | B5: =B3-B4 | C5: =C3-C4 | D5: =D3-D4 | E5: =E3-E4 | F5: =F3-F4 | G5: =G3-G4 | H5: =H3-H4 | I5: =I3-I4 | ... M5: =M3-M4 | N5: =SUM(B5:M5)
A6: Doimiy xarajatlar | B6: =SUM(Xarajatlar!B3:B6) | C6: =SUM(Xarajatlar!C3:C6) | D6: =SUM(Xarajatlar!D3:D6) | E6: =SUM(Xarajatlar!E3:E6) | F6: =SUM(Xarajatlar!F3:F6) | G6: =SUM(Xarajatlar!G3:G6) | H6: =SUM(Xarajatlar!H3:H6) | I6: =SUM(Xarajatlar!I3:I6) | ... M6: =SUM(Xarajatlar!M3:M6) | N6: =SUM(B6:M6)
A7: SOF FOYDA | B7: =B5-B6 | C7: =C5-C6 | D7: =D5-D6 | E7: =E5-E6 | F7: =F5-F6 | G7: =G5-G6 | H7: =H5-H6 | I7: =I5-I6 | ... M7: =M5-M6 | N7: =SUM(B7:M7)

Sheet Pul oqimi
A1: Pul oqimi (TAXMINIY namuna ma'lumotlar asosida)
A2: Ko'rsatkich | B2: 1-oy | C2: 2-oy | D2: 3-oy | E2: 4-oy | F2: 5-oy | G2: 6-oy | H2: 7-oy | I2: 8-oy | J2: 9-oy | K2: 10-oy | L2: 11-oy | M2: 12-oy | N2: Jami
A3: Boshlang'ich qoldiq | B3: =Farazlar!$B$23 | C3: =B7 | D3: =C7 | E3: =D7 | F3: =E7 | G3: =F7 | H3: =G7 | I3: =H7 | J3: =I7 | ... M3: =L7
A4: Kirim (daromad) | B4: =Daromad!B10 | C4: =Daromad!C10 | D4: =Daromad!D10 | E4: =Daromad!E10 | F4: =Daromad!F10 | G4: =Daromad!G10 | H4: =Daromad!H10 | I4: =Daromad!I10 | ... M4: =Daromad!M10 | N4: =SUM(B4:M4)
A5: Chiqim (xarajatlar) | B5: =Xarajatlar!B9 | C5: =Xarajatlar!C9 | D5: =Xarajatlar!D9 | E5: =Xarajatlar!E9 | F5: =Xarajatlar!F9 | G5: =Xarajatlar!G9 | H5: =Xarajatlar!H9 | I5: =Xarajatlar!I9 | ... M5: =Xarajatlar!M9 | N5: =SUM(B5:M5)
A6: Sof pul oqimi | B6: =B4-B5 | C6: =C4-C5 | D6: =D4-D5 | E6: =E4-E5 | F6: =F4-F5 | G6: =G4-G5 | H6: =H4-H5 | I6: =I4-I5 | ... M6: =M4-M5 | N6: =SUM(B6:M6)
A7: Yakuniy qoldiq | B7: =B3+B6 | C7: =C3+C6 | D7: =D3+D6 | E7: =E3+E6 | F7: =F3+F6 | G7: =G3+G6 | H7: =H3+H6 | I7: =I3+I6 | ... M7: =M3+M6
A8: Kumulyativ sof foyda | B8: ='P&L oylik'!B7 | C8: =B8+'P&L oylik'!C7 | D8: =C8+'P&L oylik'!D7 | E8: =D8+'P&L oylik'!E7 | F8: =E8+'P&L oylik'!F7 | G8: =F8+'P&L oylik'!G7 | H8: =G8+'P&L oylik'!H7 | I8: =H8+'P&L oylik'!I7 | J8: =I8+'P&L oylik'!J7 | ... M8: =L8+'P&L oylik'!M7

Sheet Foyda nuqtasi
A1: FOYDA NUQTASI (TAXMINIY namuna ma'lumotlar asosida)
A2: Birinchi foydali oy (oylik sof foyda ≥ 0) | B2: =IFERROR(MATCH(TRUE,INDEX('P&L oylik'!B7:M7>=0,0),0)&"-oy","12 oy ichida yo'q")
A3: Investitsiya qoplanadigan oy (kumulyativ foyda ≥ 0) | B3: =IFERROR(MATCH(TRUE,INDEX('Pul oqimi'!B8:M8>=0,0),0)&"-oy","12 oy ichida yo'q")
A4: Eng past pul qoldig'i (12 oy) | B4: =MIN('Pul oqimi'!B7:M7)
A5: Oylik doimiy xarajatlar | B5: =Farazlar!$B$17+Farazlar!$B$18+Farazlar!$B$19+Farazlar!$B$20
A6: O'zgaruvchan xarajat ulushi (to'lov+soliq) | B6: =Farazlar!$B$21+Farazlar!$B$22
A7: Kerakli oylik daromad (foyda nuqtasi) | B7: =B5/(1-B6)
A8: Faqat CRM bilan qoplash uchun kerakli klinikalar | B8: =ROUNDUP(B5/(Farazlar!$B$13*(1-B6)),0)
A9: Faqat marketplace bilan qoplash uchun kerakli oylik GMV | B9: =B5/(Farazlar!$B$5*(1-B6))
A10: Faqat seminar bilan: kerakli chiptalar soni oyiga | B10: =ROUNDUP(B5/(Farazlar!$B$8*Farazlar!$B$9*(1-B6)),0)
A11: 12-oy daromadi (taqqoslash uchun) | B11: =Daromad!M10
