Workbook

Sheet Farazlar
A1: StomaHub moliyaviy modeli — FARAZLAR. DIQQAT: barcha qiymatlar TAXMINIY (namuna) ma'lumot, haqiqiy emas! Sariq kataklarni haqiqiy ma'lumot bilan to'ldiring.
A2: Ko'rsatkich | B2: Qiymat | C2: Birlik | D2: Belgi
A3: Marketplace: 1-oy savdo hajmi (GMV) | B3: 50000000 | C3: UZS/oy | D3: TAXMINIY
A4: Marketplace: GMV oylik o'sishi | B4: 0.15 | C4: % | D4: TAXMINIY
A5: Marketplace komissiyasi | B5: 0.1 | C5: % | D5: TAXMINIY
A6: Seminarlar soni oyiga | B6: 2 | C6: dona | D6: TAXMINIY
A7: Bir seminarga chiptalar | B7: 30 | C7: dona | D7: TAXMINIY
A8: Chipta narxi | B8: 500000 | C8: UZS | D8: TAXMINIY
A9: Platforma ulushi chiptadan | B9: 0.3 | C9: % | D9: TAXMINIY
A10: CRM: boshlang'ich klinikalar | B10: 10 | C10: dona | D10: TAXMINIY
A11: CRM: oyiga yangi klinikalar | B11: 8 | C11: dona | D11: TAXMINIY
A12: CRM: oylik churn | B12: 0.03 | C12: % | D12: TAXMINIY
A13: CRM obuna narxi | B13: 300000 | C13: UZS/oy | D13: TAXMINIY
A14: Ilova: 1-oy premium foydalanuvchilar | B14: 100 | C14: dona | D14: TAXMINIY
... A23: Boshlang'ich kapital (investitsiya) | B23: 200000000 | C23: UZS | D23: TAXMINIY

Sheet Daromad
A1: Daromad (TAXMINIY namuna ma'lumotlar asosida)
A2: Ko'rsatkich | B2: 1-oy | C2: 2-oy | D2: 3-oy | E2: 4-oy | F2: 5-oy | G2: 6-oy | H2: 7-oy | I2: 8-oy | J2: 9-oy | K2: 10-oy | L2: 11-oy | M2: 12-oy | N2: Jami
A3: Marketplace GMV | B3: =Farazlar!$B$3 -> 50000000 | C3: =B3*(1+Farazlar!$B$4) -> 57500000 | D3: =C3*(1+Farazlar!$B$4) -> 66125000 | E3: =D3*(1+Farazlar!$B$4) -> 76043750 | F3: =E3*(1+Farazlar!$B$4) -> 87450312 | G3: =F3*(1+Farazlar!$B$4) -> 1.0056786e+08 | H3: =G3*(1+Farazlar!$B$4) -> 1.1565304e+08 | I3: =H3*(1+Farazlar!$B$4) -> 1.3300099e+08 | J3: =I3*(1+Farazlar!$B$4) -> 1.5295114e+08 | ... M3: =L3*(1+Farazlar!$B$4) -> 2.3261957e+08
A4: Marketplace komissiya daromadi | B4: =B3*Farazlar!$B$5 -> 5000000 | C4: =C3*Farazlar!$B$5 -> 5750000 | D4: =D3*Farazlar!$B$5 -> 6612500 | E4: =E3*Farazlar!$B$5 -> 7604375 | F4: =F3*Farazlar!$B$5 -> 8745031.2 | G4: =G3*Farazlar!$B$5 -> 10056786 | H4: =H3*Farazlar!$B$5 -> 11565304 | I4: =I3*Farazlar!$B$5 -> 13300099 | ... M4: =M3*Farazlar!$B$5 -> 23261957 | N4: =SUM(B4:M4) -> 1.4500834e+08
A5: Ta'lim/seminar daromadi | B5: =Farazlar!$B$6*Farazlar!$B$7*Farazlar!$B$8*Farazlar!$B$9 -> 9000000 | C5: =Farazlar!$B$6*Farazlar!$B$7*Farazlar!$B$8*Farazlar!$B$9 -> 9000000 | D5: =Farazlar!$B$6*Farazlar!$B$7*Farazlar!$B$8*Farazlar!$B$9 -> 9000000 | E5: =Farazlar!$B$6*Farazlar!$B$7*Farazlar!$B$8*Farazlar!$B$9 -> 9000000 | F5: =Farazlar!$B$6*Farazlar!$B$7*Farazlar!$B$8*Farazlar!$B$9 -> 9000000 | G5: =Farazlar!$B$6*Farazlar!$B$7*Farazlar!$B$8*Farazlar!$B$9 -> 9000000 | H5: =Farazlar!$B$6*Farazlar!$B$7*Farazlar!$B$8*Farazlar!$B$9 -> 9000000 | I5: =Farazlar!$B$6*Farazlar!$B$7*Farazlar!$B$8*Farazlar!$B$9 -> 9000000 | ... M5: =Farazlar!$B$6*Farazlar!$B$7*Farazlar!$B$8*Farazlar!$B$9 -> 9000000 | N5: =SUM(B5:M5) -> 108000000
A6: CRM faol klinikalar | B6: =Farazlar!$B$10+Farazlar!$B$11 -> 18 | C6: =B6*(1-Farazlar!$B$12)+Farazlar!$B$11 -> 25.46 | D6: =C6*(1-Farazlar!$B$12)+Farazlar!$B$11 -> 32.6962 | E6: =D6*(1-Farazlar!$B$12)+Farazlar!$B$11 -> 39.715314 | F6: =E6*(1-Farazlar!$B$12)+Farazlar!$B$11 -> 46.523855 | G6: =F6*(1-Farazlar!$B$12)+Farazlar!$B$11 -> 53.128139 | H6: =G6*(1-Farazlar!$B$12)+Farazlar!$B$11 -> 59.534295 | I6: =H6*(1-Farazlar!$B$12)+Farazlar!$B$11 -> 65.748266 | J6: =I6*(1-Farazlar!$B$12)+Farazlar!$B$11 -> 71.775818 | ... M6: =L6*(1-Farazlar!$B$12)+Farazlar!$B$11 -> 88.795051
A7: CRM obuna daromadi | B7: =B6*Farazlar!$B$13 -> 5400000 | C7: =C6*Farazlar!$B$13 -> 7638000 | D7: =D6*Farazlar!$B$13 -> 9808860 | E7: =E6*Farazlar!$B$13 -> 11914594 | F7: =F6*Farazlar!$B$13 -> 13957156 | G7: =G6*Farazlar!$B$13 -> 15938442 | H7: =H6*Farazlar!$B$13 -> 17860288 | I7: =I6*Farazlar!$B$13 -> 19724480 | ... M7: =M6*Farazlar!$B$13 -> 26638515 | N7: =SUM(B7:M7) -> 1.98688e+08
A8: Ilova premium foydalanuvchilar | B8: =Farazlar!$B$14 -> 100 | C8: =B8*(1+Farazlar!$B$15) -> 120 | D8: =C8*(1+Farazlar!$B$15) -> 144 | E8: =D8*(1+Farazlar!$B$15) -> 172.8 | F8: =E8*(1+Farazlar!$B$15) -> 207.36 | G8: =F8*(1+Farazlar!$B$15) -> 248.832 | H8: =G8*(1+Farazlar!$B$15) -> 298.5984 | I8: =H8*(1+Farazlar!$B$15) -> 358.31808 | J8: =I8*(1+Farazlar!$B$15) -> 429.9817 | ... M8: =L8*(1+Farazlar!$B$15) -> 743.00837
A9: Mobil ilova daromadi | B9: =B8*Farazlar!$B$16 -> 3000000 | C9: =C8*Farazlar!$B$16 -> 3600000 | D9: =D8*Farazlar!$B$16 -> 4320000 | E9: =E8*Farazlar!$B$16 -> 5184000 | F9: =F8*Farazlar!$B$16 -> 6220800 | G9: =G8*Farazlar!$B$16 -> 7464960 | H9: =H8*Farazlar!$B$16 -> 8957952 | I9: =I8*Farazlar!$B$16 -> 10749542 | ... M9: =M8*Farazlar!$B$16 -> 22290251 | N9: =SUM(B9:M9) -> 1.1874151e+08
A10: JAMI DAROMAD | B10: =B4+B5+B7+B9 -> 22400000 | C10: =C4+C5+C7+C9 -> 25988000 | D10: =D4+D5+D7+D9 -> 29741360 | E10: =E4+E5+E7+E9 -> 33702969 | F10: =F4+F5+F7+F9 -> 37922988 | G10: =G4+G5+G7+G9 -> 42460188 | H10: =H4+H5+H7+H9 -> 47383544 | I10: =I4+I5+I7+I9 -> 52774122 | ... M10: =M4+M5+M7+M9 -> 81190723 | N10: =SUM(B10:M10) -> 5.7043785e+08

Sheet Xarajatlar
A1: Xarajatlar (TAXMINIY namuna ma'lumotlar asosida)
A2: Ko'rsatkich | B2: 1-oy | C2: 2-oy | D2: 3-oy | E2: 4-oy | F2: 5-oy | G2: 6-oy | H2: 7-oy | I2: 8-oy | J2: 9-oy | K2: 10-oy | L2: 11-oy | M2: 12-oy | N2: Jami
A3: Jamoa | B3: =Farazlar!$B$17 -> 40000000 | C3: =Farazlar!$B$17 -> 40000000 | D3: =Farazlar!$B$17 -> 40000000 | E3: =Farazlar!$B$17 -> 40000000 | F3: =Farazlar!$B$17 -> 40000000 | G3: =Farazlar!$B$17 -> 40000000 | H3: =Farazlar!$B$17 -> 40000000 | I3: =Farazlar!$B$17 -> 40000000 | ... M3: =Farazlar!$B$17 -> 40000000 | N3: =SUM(B3:M3) -> 480000000
A4: Reklama | B4: =Farazlar!$B$18 -> 15000000 | C4: =Farazlar!$B$18 -> 15000000 | D4: =Farazlar!$B$18 -> 15000000 | E4: =Farazlar!$B$18 -> 15000000 | F4: =Farazlar!$B$18 -> 15000000 | G4: =Farazlar!$B$18 -> 15000000 | H4: =Farazlar!$B$18 -> 15000000 | I4: =Farazlar!$B$18 -> 15000000 | ... M4: =Farazlar!$B$18 -> 15000000 | N4: =SUM(B4:M4) -> 180000000
A5: Hosting/serverlar | B5: =Farazlar!$B$19 -> 3000000 | C5: =Farazlar!$B$19 -> 3000000 | D5: =Farazlar!$B$19 -> 3000000 | E5: =Farazlar!$B$19 -> 3000000 | F5: =Farazlar!$B$19 -> 3000000 | G5: =Farazlar!$B$19 -> 3000000 | H5: =Farazlar!$B$19 -> 3000000 | I5: =Farazlar!$B$19 -> 3000000 | ... M5: =Farazlar!$B$19 -> 3000000 | N5: =SUM(B5:M5) -> 36000000
A6: Boshqa doimiy | B6: =Farazlar!$B$20 -> 2000000 | C6: =Farazlar!$B$20 -> 2000000 | D6: =Farazlar!$B$20 -> 2000000 | E6: =Farazlar!$B$20 -> 2000000 | F6: =Farazlar!$B$20 -> 2000000 | G6: =Farazlar!$B$20 -> 2000000 | H6: =Farazlar!$B$20 -> 2000000 | I6: =Farazlar!$B$20 -> 2000000 | ... M6: =Farazlar!$B$20 -> 2000000 | N6: =SUM(B6:M6) -> 24000000
A7: To'lov komissiyalari (Payme/Click/Uzum) | B7: =Daromad!B10*Farazlar!$B$21 -> 336000 | C7: =Daromad!C10*Farazlar!$B$21 -> 389820 | D7: =Daromad!D10*Farazlar!$B$21 -> 446120.4 | E7: =Daromad!E10*Farazlar!$B$21 -> 505544.54 | F7: =Daromad!F10*Farazlar!$B$21 -> 568844.81 | G7: =Daromad!G10*Farazlar!$B$21 -> 636902.81 | H7: =Daromad!H10*Farazlar!$B$21 -> 710753.16 | I7: =Daromad!I10*Farazlar!$B$21 -> 791611.82 | ... M7: =Daromad!M10*Farazlar!$B$21 -> 1217860.9 | N7: =SUM(B7:M7) -> 8556567.7
A8: Aylanma soliq (stavkani tekshiring; IT-Park varianti) | B8: =Daromad!B10*Farazlar!$B$22 -> 896000 | C8: =Daromad!C10*Farazlar!$B$22 -> 1039520 | D8: =Daromad!D10*Farazlar!$B$22 -> 1189654.4 | E8: =Daromad!E10*Farazlar!$B$22 -> 1348118.8 | F8: =Daromad!F10*Farazlar!$B$22 -> 1516919.5 | G8: =Daromad!G10*Farazlar!$B$22 -> 1698407.5 | H8: =Daromad!H10*Farazlar!$B$22 -> 1895341.8 | I8: =Daromad!I10*Farazlar!$B$22 -> 2110964.9 | ... M8: =Daromad!M10*Farazlar!$B$22 -> 3247628.9 | N8: =SUM(B8:M8) -> 22817514
A9: JAMI XARAJAT | B9: =SUM(B3:B8) -> 61232000 | C9: =SUM(C3:C8) -> 61429340 | D9: =SUM(D3:D8) -> 61635775 | E9: =SUM(E3:E8) -> 61853663 | F9: =SUM(F3:F8) -> 62085764 | G9: =SUM(G3:G8) -> 62335310 | H9: =SUM(H3:H8) -> 62606095 | I9: =SUM(I3:I8) -> 62902577 | ... M9: =SUM(M3:M8) -> 64465490 | N9: =SUM(B9:M9) -> 7.5137408e+08

Sheet P&L oylik
A1: P&L oylik (TAXMINIY namuna ma'lumotlar asosida)
A2: Ko'rsatkich | B2: 1-oy | C2: 2-oy | D2: 3-oy | E2: 4-oy | F2: 5-oy | G2: 6-oy | H2: 7-oy | I2: 8-oy | J2: 9-oy | K2: 10-oy | L2: 11-oy | M2: 12-oy | N2: Jami
A3: Daromad | B3: =Daromad!B10 -> 22400000 | C3: =Daromad!C10 -> 25988000 | D3: =Daromad!D10 -> 29741360 | E3: =Daromad!E10 -> 33702969 | F3: =Daromad!F10 -> 37922988 | G3: =Daromad!G10 -> 42460188 | H3: =Daromad!H10 -> 47383544 | I3: =Daromad!I10 -> 52774122 | ... M3: =Daromad!M10 -> 81190723 | N3: =SUM(B3:M3) -> 5.7043785e+08
A4: O'zgaruvchan xarajatlar (komissiya+soliq) | B4: =Xarajatlar!B7+Xarajatlar!B8 -> 1232000 | C4: =Xarajatlar!C7+Xarajatlar!C8 -> 1429340 | D4: =Xarajatlar!D7+Xarajatlar!D8 -> 1635774.8 | E4: =Xarajatlar!E7+Xarajatlar!E8 -> 1853663.3 | F4: =Xarajatlar!F7+Xarajatlar!F8 -> 2085764.3 | G4: =Xarajatlar!G7+Xarajatlar!G8 -> 2335310.3 | H4: =Xarajatlar!H7+Xarajatlar!H8 -> 2606094.9 | I4: =Xarajatlar!I7+Xarajatlar!I8 -> 2902576.7 | ... M4: =Xarajatlar!M7+Xarajatlar!M8 -> 4465489.8 | N4: =SUM(B4:M4) -> 31374082
A5: Yalpi foyda | B5: =B3-B4 -> 21168000 | C5: =C3-C4 -> 24558660 | D5: =D3-D4 -> 28105585 | E5: =E3-E4 -> 31849306 | F5: =F3-F4 -> 35837223 | G5: =G3-G4 -> 40124877 | H5: =H3-H4 -> 44777449 | I5: =I3-I4 -> 49871545 | ... M5: =M3-M4 -> 76725234 | N5: =SUM(B5:M5) -> 5.3906377e+08
A6: Doimiy xarajatlar | B6: =SUM(Xarajatlar!B3:B6) -> 60000000 | C6: =SUM(Xarajatlar!C3:C6) -> 60000000 | D6: =SUM(Xarajatlar!D3:D6) -> 60000000 | E6: =SUM(Xarajatlar!E3:E6) -> 60000000 | F6: =SUM(Xarajatlar!F3:F6) -> 60000000 | G6: =SUM(Xarajatlar!G3:G6) -> 60000000 | H6: =SUM(Xarajatlar!H3:H6) -> 60000000 | I6: =SUM(Xarajatlar!I3:I6) -> 60000000 | ... M6: =SUM(Xarajatlar!M3:M6) -> 60000000 | N6: =SUM(B6:M6) -> 720000000
A7: SOF FOYDA | B7: =B5-B6 -> -38832000 | C7: =C5-C6 -> -35441340 | D7: =D5-D6 -> -31894415 | E7: =E5-E6 -> -28150694 | F7: =F5-F6 -> -24162777 | G7: =G5-G6 -> -19875123 | H7: =H5-H6 -> -15222551 | I7: =I5-I6 -> -10128455 | ... M7: =M5-M6 -> 16725234 | N7: =SUM(B7:M7) -> -1.8093623e+08

Sheet Pul oqimi
A1: Pul oqimi (TAXMINIY namuna ma'lumotlar asosida)
A2: Ko'rsatkich | B2: 1-oy | C2: 2-oy | D2: 3-oy | E2: 4-oy | F2: 5-oy | G2: 6-oy | H2: 7-oy | I2: 8-oy | J2: 9-oy | K2: 10-oy | L2: 11-oy | M2: 12-oy | N2: Jami
A3: Boshlang'ich qoldiq | B3: =Farazlar!$B$23 -> 200000000 | C3: =B7 -> 161168000 | D3: =C7 -> 125726660 | E3: =D7 -> 93832245 | F3: =E7 -> 65681551 | G3: =F7 -> 41518774 | H3: =G7 -> 21643652 | I3: =H7 -> 6421101 | J3: =I7 -> -3707354.1 | ... M3: =L7 -> 2338532.6
A4: Kirim (daromad) | B4: =Daromad!B10 -> 22400000 | C4: =Daromad!C10 -> 25988000 | D4: =Daromad!D10 -> 29741360 | E4: =Daromad!E10 -> 33702969 | F4: =Daromad!F10 -> 37922988 | G4: =Daromad!G10 -> 42460188 | H4: =Daromad!H10 -> 47383544 | I4: =Daromad!I10 -> 52774122 | ... M4: =Daromad!M10 -> 81190723 | N4: =SUM(B4:M4) -> 5.7043785e+08
A5: Chiqim (xarajatlar) | B5: =Xarajatlar!B9 -> 61232000 | C5: =Xarajatlar!C9 -> 61429340 | D5: =Xarajatlar!D9 -> 61635775 | E5: =Xarajatlar!E9 -> 61853663 | F5: =Xarajatlar!F9 -> 62085764 | G5: =Xarajatlar!G9 -> 62335310 | H5: =Xarajatlar!H9 -> 62606095 | I5: =Xarajatlar!I9 -> 62902577 | ... M5: =Xarajatlar!M9 -> 64465490 | N5: =SUM(B5:M5) -> 7.5137408e+08
A6: Sof pul oqimi | B6: =B4-B5 -> -38832000 | C6: =C4-C5 -> -35441340 | D6: =D4-D5 -> -31894415 | E6: =E4-E5 -> -28150694 | F6: =F4-F5 -> -24162777 | G6: =G4-G5 -> -19875123 | H6: =H4-H5 -> -15222551 | I6: =I4-I5 -> -10128455 | ... M6: =M4-M5 -> 16725234 | N6: =SUM(B6:M6) -> -1.8093623e+08
A7: Yakuniy qoldiq | B7: =B3+B6 -> 161168000 | C7: =C3+C6 -> 125726660 | D7: =D3+D6 -> 93832245 | E7: =E3+E6 -> 65681551 | F7: =F3+F6 -> 41518774 | G7: =G3+G6 -> 21643652 | H7: =H3+H6 -> 6421101 | I7: =I3+I6 -> -3707354.1 | ... M7: =M3+M6 -> 19063766
A8: Kumulyativ sof foyda | B8: ='P&L oylik'!B7 -> -38832000 | C8: =B8+'P&L oylik'!C7 -> -74273340 | D8: =C8+'P&L oylik'!D7 -> -1.0616775e+08 | E8: =D8+'P&L oylik'!E7 -> -1.3431845e+08 | F8: =E8+'P&L oylik'!F7 -> -1.5848123e+08 | G8: =F8+'P&L oylik'!G7 -> -1.7835635e+08 | H8: =G8+'P&L oylik'!H7 -> -1.935789e+08 | I8: =H8+'P&L oylik'!I7 -> -2.0370735e+08 | J8: =I8+'P&L oylik'!J7 -> -2.0821005e+08 | ... M8: =L8+'P&L oylik'!M7 -> -1.8093623e+08

Sheet Foyda nuqtasi
A1: FOYDA NUQTASI (TAXMINIY namuna ma'lumotlar asosida)
A2: Birinchi foydali oy (oylik sof foyda ≥ 0) | B2: =IFERROR(MATCH(TRUE(),INDEX('P&L oylik'!B7:M7>=0,0),0)&"-oy","12 oy ichida yo'q") -> 10-oy
A3: Investitsiya qoplanadigan oy (kumulyativ foyda ≥ 0) | B3: =IFERROR(MATCH(TRUE(),INDEX('Pul oqimi'!B8:M8>=0,0),0)&"-oy","12 oy ichida yo'q") -> 12 oy ichida yo'q
A4: Eng past pul qoldig'i (12 oy) | B4: =MIN('Pul oqimi'!B7:M7) -> -8210045.6
A5: Oylik doimiy xarajatlar | B5: =Farazlar!$B$17+Farazlar!$B$18+Farazlar!$B$19+Farazlar!$B$20 -> 60000000
A6: O'zgaruvchan xarajat ulushi (to'lov+soliq) | B6: =Farazlar!$B$21+Farazlar!$B$22 -> 0.055
A7: Kerakli oylik daromad (foyda nuqtasi) | B7: =B5/(1-B6) -> 63492063
A8: Faqat CRM bilan qoplash uchun kerakli klinikalar | B8: =ROUNDUP(B5/(Farazlar!$B$13*(1-B6)),0) -> 212
A9: Faqat marketplace bilan qoplash uchun kerakli oylik GMV | B9: =B5/(Farazlar!$B$5*(1-B6)) -> 6.3492063e+08
A10: Faqat seminar bilan: kerakli chiptalar soni oyiga | B10: =ROUNDUP(B5/(Farazlar!$B$8*Farazlar!$B$9*(1-B6)),0) -> 424
A11: 12-oy daromadi (taqqoslash uchun) | B11: =Daromad!M10 -> 81190723
